{
    "class_names": [
        "Healthy",
        "Biotic",
        "Abiotic"
    ],
    "pca_components": 60,
    "train_acc": 0.98989898989899,
    "val_acc": 0.7419354838709677,
    "test_acc": 0.7096774193548387,
    "train_f1": 0.9898634196624148,
    "val_f1": 0.7348973607038123,
    "test_f1": 0.7271653078104691
}